date,y
2000-01-01,1.8029533e-001
2000-01-02,1.7712402e-001
2000-01-03,1.7361771e-001
2000-01-04,1.7164039e-001
2000-01-05,1.6697247e-001
2000-01-06,1.6367888e-001
2000-01-07,1.6024870e-001
2000-01-08,1.5824240e-001
2000-01-09,1.5704430e-001
2000-01-10,1.5479179e-001
2000-01-11,1.5476790e-001
2000-01-12,1.5598922e-001
2000-01-13,1.5584463e-001
2000-01-14,1.5703897e-001
2000-01-15,1.5915777e-001
2000-01-16,1.6383627e-001
2000-01-17,1.6700677e-001
2000-01-18,1.7250859e-001
2000-01-19,1.7834621e-001
2000-01-20,1.8713385e-001
2000-01-21,1.9605279e-001
2000-01-22,2.0504501e-001
2000-01-23,2.0952408e-001
2000-01-24,2.1723898e-001
2000-01-25,2.2518005e-001
2000-01-26,2.3545468e-001
2000-01-27,2.4100650e-001
2000-01-28,2.4419737e-001
2000-01-29,2.4873731e-001
2000-01-30,2.5090010e-001
2000-01-31,2.4885268e-001
2000-02-01,2.5192147e-001
2000-02-02,2.5753295e-001
2000-02-03,2.6421490e-001
2000-02-04,2.7009967e-001
2000-02-05,2.7675261e-001
2000-02-06,2.7988109e-001
2000-02-07,2.8342946e-001
2000-02-08,2.8342662e-001
2000-02-09,2.8338823e-001
2000-02-10,2.8115132e-001
2000-02-11,2.8221239e-001
2000-02-12,2.8340843e-001
2000-02-13,2.8533860e-001
2000-02-14,2.8649487e-001
2000-02-15,2.9006141e-001
2000-02-16,2.9321660e-001
2000-02-17,2.9326265e-001
2000-02-18,2.9561323e-001
2000-02-19,2.9998999e-001
2000-02-20,3.0900097e-001
2000-02-21,3.1687329e-001
2000-02-22,3.2588654e-001
2000-02-23,3.3682480e-001
2000-02-24,3.5037181e-001
2000-02-25,3.6057670e-001
2000-02-26,3.7391642e-001
2000-02-27,3.8616043e-001
2000-02-28,3.8494393e-001
2000-02-29,3.7502575e-001
2000-03-01,3.7623976e-001
2000-03-02,3.7386699e-001
2000-03-03,3.6953167e-001
2000-03-04,3.6717936e-001
2000-03-05,3.6712708e-001
2000-03-06,3.6611456e-001
2000-03-07,3.6842767e-001
2000-03-08,3.6838279e-001
2000-03-09,3.7156343e-001
2000-03-10,3.7385847e-001
2000-03-11,3.7942336e-001
2000-03-12,3.8285354e-001
2000-03-13,3.8382118e-001
2000-03-14,3.8377910e-001
2000-03-15,3.8370580e-001
2000-03-16,3.8372682e-001
2000-03-17,3.8295581e-001
2000-03-18,3.7947563e-001
2000-03-19,3.7273913e-001
2000-03-20,3.6258985e-001
2000-03-21,3.5148930e-001
2000-03-22,3.4148739e-001
2000-03-23,3.3370655e-001
2000-03-24,3.2788996e-001
2000-03-25,3.2588654e-001
2000-03-26,3.2464617e-001
2000-03-27,3.2704054e-001
2000-03-28,3.2899680e-001
2000-03-29,3.2900475e-001
2000-03-30,3.3460885e-001
2000-03-31,3.4352778e-001
2000-04-01,3.5697802e-001
2000-04-02,3.7493406e-001
2000-04-03,3.9635662e-001
2000-04-04,4.1758773e-001
2000-04-05,4.4181601e-001
2000-04-06,4.6986860e-001
2000-04-07,5.0232342e-001
2000-04-08,5.3802237e-001
2000-04-09,5.6482121e-001
2000-04-10,5.9267402e-001
2000-04-11,6.2175920e-001
2000-04-12,6.4612675e-001
2000-04-13,6.6406689e-001
2000-04-14,6.7624551e-001
2000-04-15,6.8178423e-001
2000-04-16,6.8069333e-001
2000-04-17,6.6956356e-001
2000-04-18,6.4946542e-001
2000-04-19,6.3034802e-001
2000-04-20,6.0711065e-001
2000-04-21,5.7130885e-001
2000-04-22,5.2539034e-001
2000-04-23,4.7745761e-001
2000-04-24,4.2938568e-001
2000-04-25,3.9932150e-001
2000-04-26,3.6024286e-001
2000-04-27,3.2564038e-001
2000-04-28,2.9866838e-001
2000-04-29,2.8310915e-001
2000-04-30,2.6861272e-001
2000-05-01,2.5963356e-001
2000-05-02,2.5838525e-001
2000-05-03,2.5635792e-001
2000-05-04,2.5167943e-001
2000-05-05,2.5182658e-001
2000-05-06,2.5289649e-001
2000-05-07,2.5402152e-001
2000-05-08,2.5529881e-001
2000-05-09,2.5638406e-001
2000-05-10,2.5844831e-001
2000-05-11,2.6401036e-001
2000-05-12,2.6863374e-001
2000-05-13,2.7854414e-001
2000-05-14,2.8991884e-001
2000-05-15,2.9889910e-001
2000-05-16,3.0336279e-001
2000-05-17,3.0450599e-001
2000-05-18,3.0451111e-001
2000-05-19,3.0329688e-001
2000-05-20,3.0096558e-001
2000-05-21,2.9654166e-001
2000-05-22,2.9424957e-001
2000-05-23,2.9193135e-001
2000-05-24,2.8870855e-001
2000-05-25,2.8634032e-001
2000-05-26,2.8441016e-001
2000-05-27,2.8424766e-001
2000-05-28,2.8327207e-001
2000-05-29,2.8103282e-001
2000-05-30,2.7769028e-001
2000-05-31,2.7076557e-001
2000-06-01,2.6403649e-001
2000-06-02,2.5971481e-001
2000-06-03,2.5653122e-001
2000-06-04,2.5066236e-001
2000-06-05,2.4746797e-001
2000-06-06,2.4283436e-001
2000-06-07,2.3738484e-001
2000-06-08,2.3177337e-001
2000-06-09,2.3185046e-001
2000-06-10,2.3405978e-001
2000-06-11,2.4753104e-001
2000-06-12,2.6102620e-001
2000-06-13,2.7790949e-001
2000-06-14,2.9134382e-001
2000-06-15,3.0110195e-001
2000-06-16,3.1015440e-001
2000-06-17,3.0777879e-001
2000-06-18,2.9996673e-001
2000-06-19,2.8763580e-001
2000-06-20,2.6880136e-001
2000-06-21,2.6107051e-001
2000-06-22,2.4761516e-001
2000-06-23,2.3966387e-001
2000-06-24,2.3298703e-001
2000-06-25,2.2954605e-001
2000-06-26,2.2634427e-001
2000-06-27,2.2518232e-001
2000-06-28,2.2522209e-001
2000-06-29,2.2754032e-001
2000-06-30,2.3081312e-001
2000-07-01,2.3743200e-001
2000-07-02,2.4530713e-001
2000-07-03,2.5209281e-001
2000-07-04,2.5867615e-001
2000-07-05,2.6766611e-001
2000-07-06,2.7791173e-001
2000-07-07,2.9016368e-001
2000-07-08,3.0474977e-001
2000-07-09,3.2031881e-001
2000-07-10,3.3936575e-001
2000-07-11,3.6057357e-001
2000-07-12,3.8077395e-001
2000-07-13,4.0194991e-001
2000-07-14,4.2085027e-001
2000-07-15,4.3886597e-001
2000-07-16,4.5340998e-001
2000-07-17,4.5887771e-001
2000-07-18,4.5546102e-001
2000-07-19,4.4321468e-001
2000-07-20,4.2312872e-001
2000-07-21,4.0301244e-001
2000-07-22,3.8068474e-001
2000-07-23,3.6601002e-001
2000-07-24,3.5031485e-001
2000-07-25,3.3696628e-001
2000-07-26,3.2238306e-001
2000-07-27,3.0655661e-001
2000-07-28,2.9111825e-001
2000-07-29,2.7791972e-001
2000-07-30,2.6872295e-001
2000-07-31,2.5967561e-001
2000-08-01,2.5192090e-001
2000-08-02,2.4986744e-001
2000-08-03,2.5064361e-001
2000-08-04,2.4865606e-001
2000-08-05,2.4407472e-001
2000-08-06,2.4287640e-001
2000-08-07,2.4275311e-001
2000-08-08,2.4067067e-001
2000-08-09,2.3953035e-001
2000-08-10,2.3595809e-001
2000-08-11,2.3946440e-001
2000-08-12,2.4393836e-001
2000-08-13,2.4753104e-001
2000-08-14,2.4975210e-001
2000-08-15,2.5299877e-001
2000-08-16,2.5654429e-001
2000-08-17,2.5967788e-001
2000-08-18,2.6408365e-001
2000-08-19,2.6756383e-001
2000-08-20,2.6990536e-001
2000-08-21,2.7434291e-001
2000-08-22,2.7548612e-001
2000-08-23,2.7866971e-001
2000-08-24,2.7978166e-001
2000-08-25,2.8093566e-001
2000-08-26,2.8327207e-001
2000-08-27,2.8319001e-001
2000-08-28,2.8206523e-001
2000-08-29,2.8086976e-001
2000-08-30,2.7641455e-001
2000-08-31,2.7645375e-001
2000-09-01,2.7525771e-001
2000-09-02,2.7536282e-001
2000-09-03,2.7527646e-001
2000-09-04,2.7527930e-001
2000-09-05,2.7062921e-001
2000-09-06,2.6504103e-001
2000-09-07,2.5725511e-001
2000-09-08,2.5183624e-001
2000-09-09,2.4221274e-001
2000-09-10,2.3223757e-001
2000-09-11,2.2140214e-001
2000-09-12,2.1083831e-001
2000-09-13,2.0007163e-001
2000-09-14,1.8963333e-001
2000-09-15,1.8091670e-001
2000-09-16,1.7435806e-001
2000-09-17,1.7005003e-001
2000-09-18,1.6821136e-001
2000-09-19,1.6780907e-001
2000-09-20,1.6918409e-001
2000-09-21,1.7275802e-001
2000-09-22,1.7706378e-001
2000-09-23,1.8161160e-001
2000-09-24,1.8621621e-001
2000-09-25,1.9200954e-001
2000-09-26,1.9743576e-001
2000-09-27,2.0112336e-001
2000-09-28,2.0470865e-001
2000-09-29,2.0712972e-001
2000-09-30,2.1018430e-001
2000-10-01,2.1485769e-001
2000-10-02,2.1968391e-001
2000-10-03,2.2564769e-001
2000-10-04,2.3301771e-001
2000-10-05,2.4143775e-001
2000-10-06,2.5022657e-001
2000-10-07,2.5989208e-001
2000-10-08,2.6945817e-001
2000-10-09,2.7786684e-001
2000-10-10,2.8423630e-001
2000-10-11,2.8773864e-001
2000-10-12,2.8784943e-001
2000-10-13,2.8607783e-001
2000-10-14,2.8317889e-001
2000-10-15,2.8051294e-001
2000-10-16,2.7750889e-001
2000-10-17,2.7494805e-001
2000-10-18,2.7332868e-001
2000-10-19,2.7216446e-001
2000-10-20,2.7179628e-001
2000-10-21,2.7180423e-001
2000-10-22,2.7319459e-001
2000-10-23,2.7550487e-001
2000-10-24,2.7841687e-001
2000-10-25,2.8177660e-001
2000-10-26,2.8647044e-001
2000-10-27,2.9129439e-001
2000-10-28,2.9308758e-001
2000-10-29,2.9652860e-001
2000-10-30,2.9978566e-001
2000-10-31,3.0309745e-001
2000-11-01,3.0561511e-001
2000-11-02,3.0757432e-001
2000-11-03,3.0763163e-001
2000-11-04,3.0873336e-001
2000-11-05,3.0994986e-001
2000-11-06,3.1220274e-001
2000-11-07,3.1543634e-001
2000-11-08,3.1777559e-001
2000-11-09,3.2086198e-001
2000-11-10,3.2223874e-001
2000-11-11,3.2451777e-001
2000-11-12,3.2206826e-001
2000-11-13,3.2557685e-001
2000-11-14,3.2565586e-001
2000-11-15,3.2770701e-001
2000-11-16,3.2996249e-001
2000-11-17,3.3340996e-001
2000-11-18,3.3349405e-001
2000-11-19,3.3776630e-001
2000-11-20,3.4219026e-001
2000-11-21,3.4574885e-001
2000-11-22,3.4810116e-001
2000-11-23,3.5130805e-001
2000-11-24,3.5485925e-001
2000-11-25,3.5472289e-001
2000-11-26,3.5685472e-001
2000-11-27,3.5686268e-001
2000-11-28,3.5684449e-001
2000-11-29,3.5678654e-001
2000-11-30,3.5240179e-001
2000-12-01,3.4889036e-001
2000-12-02,3.4211412e-001
2000-12-03,3.3230880e-001
2000-12-04,3.2207053e-001
2000-12-05,3.1095443e-001
2000-12-06,3.0194629e-001
2000-12-07,2.9167450e-001
2000-12-08,2.8412437e-001
2000-12-09,2.7839698e-001
2000-12-10,2.7522646e-001
2000-12-11,2.7401348e-001
2000-12-12,2.7166766e-001
2000-12-13,2.7050592e-001
2000-12-14,2.6847632e-001
2000-12-15,2.6968260e-001
2000-12-16,2.6850246e-001
2000-12-17,2.6617262e-001
2000-12-18,2.6389278e-001
2000-12-19,2.6072190e-001
2000-12-20,2.5719204e-001
2000-12-21,2.5499427e-001
2000-12-22,2.5163795e-001
2000-12-23,2.4720831e-001
2000-12-24,2.4494804e-001
2000-12-25,2.4376304e-001
2000-12-26,2.4260417e-001
2000-12-27,2.4251231e-001
2000-12-28,2.4261675e-001
2000-12-29,2.4164854e-001
2000-12-30,2.4165422e-001
2000-12-31,2.3934111e-001
2001-01-01,2.3383932e-001
2001-01-02,2.2603235e-001
2001-01-03,2.1926403e-001
2001-01-04,2.0787460e-001
2001-01-05,1.9800909e-001
2001-01-06,1.8894072e-001
2001-01-07,1.7869222e-001
2001-01-08,1.7103981e-001
2001-01-09,1.6335898e-001
2001-01-10,1.5776286e-001
2001-01-11,1.5194627e-001
2001-01-12,1.4874166e-001
2001-01-13,1.4637855e-001
2001-01-14,1.4325008e-001
2001-01-15,1.4085855e-001
2001-01-16,1.4094777e-001
2001-01-17,1.3652608e-001
2001-01-18,1.3298056e-001
2001-01-19,1.2959527e-001
2001-01-20,1.2530997e-001
2001-01-21,1.2194285e-001
2001-01-22,1.1741151e-001
2001-01-23,1.1530010e-001
2001-01-24,1.1183357e-001
2001-01-25,1.1076650e-001
2001-01-26,1.0952046e-001
2001-01-27,1.0956762e-001
2001-01-28,1.1071331e-001
2001-01-29,1.1303189e-001
2001-01-30,1.1424612e-001
2001-01-31,1.1638876e-001
2001-02-01,1.1747174e-001
2001-02-02,1.1981894e-001
2001-02-03,1.2109851e-001
2001-02-04,1.1874619e-001
2001-02-05,1.1748992e-001
2001-02-06,1.1643082e-001
2001-02-07,1.1635978e-001
2001-02-08,1.1885132e-001
2001-02-09,1.2314685e-001
2001-02-10,1.2982085e-001
2001-02-11,1.3885227e-001
2001-02-12,1.4909281e-001
2001-02-13,1.5815320e-001
2001-02-14,1.6807668e-001
2001-02-15,1.7712402e-001
2001-02-16,1.8504123e-001
2001-02-17,1.9369251e-001
2001-02-18,2.0138415e-001
2001-02-19,2.1169572e-001
2001-02-20,2.1842480e-001
2001-02-21,2.2632325e-001
2001-02-22,2.3305009e-001
2001-02-23,2.3970307e-001
2001-02-24,2.4401677e-001
2001-02-25,2.4745774e-001
2001-02-26,2.5085099e-001
2001-02-27,2.5434935e-001
2001-02-28,2.5649940e-001
2001-03-01,2.5548744e-001
2001-03-02,2.5312717e-001
2001-03-03,2.4873283e-001
2001-03-04,2.4406165e-001
2001-03-05,2.3958773e-001
2001-03-06,2.3608710e-001
2001-03-07,2.3298987e-001
2001-03-08,2.3178075e-001
2001-03-09,2.3061880e-001
2001-03-10,2.3062959e-001
2001-03-11,2.2626587e-001
2001-03-12,2.2270728e-001
2001-03-13,2.1957596e-001
2001-03-14,2.1478439e-001
2001-03-15,2.1286570e-001
2001-03-16,2.0822037e-001
2001-03-17,2.0496955e-001
2001-03-18,2.0505297e-001
2001-03-19,2.0505524e-001
2001-03-20,2.0824452e-001
2001-03-21,2.1409235e-001
2001-03-22,2.2058280e-001
2001-03-23,2.2862330e-001
2001-03-24,2.3531832e-001
2001-03-25,2.3977125e-001
2001-03-26,2.4513952e-001
2001-03-27,2.4986744e-001
2001-03-28,2.5644201e-001
2001-03-29,2.6201201e-001
2001-03-30,2.6876194e-001
2001-03-31,2.7423780e-001
2001-04-01,2.7978450e-001
2001-04-02,2.7972655e-001
2001-04-03,2.8087281e-001
2001-04-04,2.8086976e-001
2001-04-05,2.7973962e-001
2001-04-06,2.7859641e-001
2001-04-07,2.7753162e-001
2001-04-08,2.7543896e-001
2001-04-09,2.7418553e-001
2001-04-10,2.7188037e-001
2001-04-11,2.6636552e-001
2001-04-12,2.6075574e-001
2001-04-13,2.5403970e-001
2001-04-14,2.4962881e-001
2001-04-15,2.4850947e-001
2001-04-16,2.4844867e-001
2001-04-17,2.5067031e-001
2001-04-18,2.5059645e-001
2001-04-19,2.4972597e-001
2001-04-20,2.4628272e-001
2001-04-21,2.4623045e-001
2001-04-22,2.4621965e-001
2001-04-23,2.4502645e-001
2001-04-24,2.4397919e-001
2001-04-25,2.4275179e-001
2001-04-26,2.4273720e-001
2001-04-27,2.4395142e-001
2001-04-28,2.5069361e-001
2001-04-29,2.5740965e-001
2001-04-30,2.6525583e-001
2001-05-01,2.7548612e-001
2001-05-02,2.8531757e-001
2001-05-03,2.9784737e-001
2001-05-04,3.0775777e-001
2001-05-05,3.1249365e-001
2001-05-06,3.1335902e-001
2001-05-07,3.1257774e-001
2001-05-08,3.1142658e-001
2001-05-09,3.0575658e-001
2001-05-10,3.0113320e-001
2001-05-11,2.9570528e-001
2001-05-12,2.9213078e-001
2001-05-13,2.8773523e-001
2001-05-14,2.8342662e-001
2001-05-15,2.7885323e-001
2001-05-16,2.7565149e-001
2001-05-17,2.7215824e-001
2001-05-18,2.7215029e-001
2001-05-19,2.7338554e-001
2001-05-20,2.7437416e-001
2001-05-21,2.7681856e-001
2001-05-22,2.7998621e-001
2001-05-23,2.8236977e-001
2001-05-24,2.8359480e-001
2001-05-25,2.8548803e-001
2001-05-26,2.8676248e-001
2001-05-27,2.8896821e-001
2001-05-28,2.9136484e-001
2001-05-29,2.9222225e-001
2001-05-30,2.9458253e-001
2001-05-31,2.9018755e-001
2001-06-01,2.8548803e-001
2001-06-02,2.8352377e-001
2001-06-03,2.8241977e-001
2001-06-04,2.8122050e-001
2001-06-05,2.8129759e-001
2001-06-06,2.7882198e-001
2001-06-07,2.7885039e-001
2001-06-08,2.7881118e-001
2001-06-09,2.7892425e-001
2001-06-10,2.7679469e-001
2001-06-11,2.7795665e-001
2001-06-12,2.7808222e-001
2001-06-13,2.7561964e-001
2001-06-14,2.7215824e-001
2001-06-15,2.6894851e-001
2001-06-16,2.6779224e-001
2001-06-17,2.6431206e-001
2001-06-18,2.6338363e-001
2001-06-19,2.6236883e-001
2001-06-20,2.6103642e-001
2001-06-21,2.6234497e-001
2001-06-22,2.6231656e-001
2001-06-23,2.6118074e-001
2001-06-24,2.6229269e-001
2001-06-25,2.6335749e-001
2001-06-26,2.6549447e-001
2001-06-27,2.6776554e-001
2001-06-28,2.7021501e-001
2001-06-29,2.7095708e-001
2001-06-30,2.7224460e-001
2001-07-01,2.7223154e-001
2001-07-02,2.7573785e-001
2001-07-03,2.8348684e-001
2001-07-04,2.9143586e-001
2001-07-05,3.0126448e-001
2001-07-06,3.1041406e-001
2001-07-07,3.1818183e-001
2001-07-08,3.2794507e-001
2001-07-09,3.3289576e-001
2001-07-10,3.4010101e-001
2001-07-11,3.4759716e-001
2001-07-12,3.5346488e-001
2001-07-13,3.5717869e-001
2001-07-14,3.5973718e-001
2001-07-15,3.6076221e-001
2001-07-16,3.5647348e-001
2001-07-17,3.4835968e-001
2001-07-18,3.3923621e-001
2001-07-19,3.3054856e-001
2001-07-20,3.2159269e-001
2001-07-21,3.1400901e-001
2001-07-22,2.9828429e-001
2001-07-23,2.8051408e-001
2001-07-24,2.6557572e-001
2001-07-25,2.5017767e-001
2001-07-26,2.3463761e-001
2001-07-27,2.1822480e-001
2001-07-28,2.0209040e-001
2001-07-29,1.8559406e-001
2001-07-30,1.6809316e-001
2001-07-31,1.5154569e-001
2001-08-01,1.3530902e-001
2001-08-02,1.2000987e-001
2001-08-03,1.0805452e-001
2001-08-04,9.9332757e-002
2001-08-05,9.1363281e-002
2001-08-06,8.5588187e-002
2001-08-07,8.3218807e-002
2001-08-08,8.6871162e-002
2001-08-09,9.5789509e-002
2001-08-10,1.0578288e-001
2001-08-11,1.1667627e-001
2001-08-12,1.2927934e-001
2001-08-13,1.4201768e-001
2001-08-14,1.5569122e-001
2001-08-15,1.7022219e-001
2001-08-16,1.8263776e-001
2001-08-17,1.9247715e-001
2001-08-18,1.9922786e-001
2001-08-19,2.0498138e-001
2001-08-20,2.0845929e-001
2001-08-21,2.0915928e-001
2001-08-22,2.0995270e-001
2001-08-23,2.1048000e-001
2001-08-24,2.0900988e-001
2001-08-25,2.0538823e-001
2001-08-26,2.0227282e-001
2001-08-27,2.0025118e-001
2001-08-28,1.9932558e-001
2001-08-29,2.0031424e-001
2001-08-30,2.0500865e-001
2001-08-31,2.1400315e-001
2001-09-01,2.3062959e-001
2001-09-02,2.5073139e-001
2001-09-03,2.6752403e-001
2001-09-04,2.7793279e-001
2001-09-05,2.4981006e-001
2001-09-06,2.8657896e-001
2001-09-07,2.8333741e-001
2001-09-08,2.7429803e-001
2001-09-09,2.6087677e-001
2001-09-10,2.5068054e-001
2001-09-11,2.4193209e-001
2001-09-12,2.3966387e-001
2001-09-13,2.3531832e-001
2001-09-14,2.2940969e-001
2001-09-15,2.2743521e-001
2001-09-16,2.2751930e-001
2001-09-17,2.2630507e-001
2001-09-18,2.2951373e-001
2001-09-19,2.3061653e-001
2001-09-20,2.3526321e-001
2001-09-21,2.3619675e-001
2001-09-22,2.3415125e-001
2001-09-23,2.3431943e-001
2001-09-24,2.3298703e-001
2001-09-25,2.3863316e-001
2001-09-26,2.4647931e-001
2001-09-27,2.5864490e-001
2001-09-28,2.7089174e-001
2001-09-29,2.8541189e-001
2001-09-30,2.9806782e-001
2001-10-01,3.1342983e-001
2001-10-02,3.2908941e-001
2001-10-03,3.4252037e-001
2001-10-04,3.5513709e-001
2001-10-05,3.6842256e-001
2001-10-06,3.8189897e-001
2001-10-07,3.9076275e-001
2001-10-08,3.9413271e-001
2001-10-09,3.9170141e-001
2001-10-10,3.8504847e-001
2001-10-11,3.7951540e-001
2001-10-12,3.6736288e-001
2001-10-13,3.5936158e-001
2001-10-14,3.4929948e-001
2001-10-15,3.3939984e-001
2001-10-16,3.3147756e-001
2001-10-17,3.2478765e-001
2001-10-18,3.1921538e-001
2001-10-19,3.1255672e-001
2001-10-20,3.0585342e-001
2001-10-21,3.0004514e-001
2001-10-22,2.9327398e-001
2001-10-23,2.8893639e-001
2001-10-24,2.8346866e-001
2001-10-25,2.7873789e-001
2001-10-26,2.7558842e-001
2001-10-27,2.7204287e-001
2001-10-28,2.6776042e-001
2001-10-29,2.6541095e-001
2001-10-30,2.6339669e-001
2001-10-31,2.6218247e-001
2001-11-01,2.6227167e-001
2001-11-02,2.6427286e-001
2001-11-03,2.6334442e-001
2001-11-04,2.6102314e-001
2001-11-05,2.5757783e-001
2001-11-06,2.5445447e-001
2001-11-07,2.5197090e-001
2001-11-08,2.5078281e-001
2001-11-09,2.4763331e-001
2001-11-10,2.4413438e-001
2001-11-11,2.4299643e-001
2001-11-12,2.4206050e-001
2001-11-13,2.4214459e-001
2001-11-14,2.4101673e-001
2001-11-15,2.4210539e-001
2001-11-16,2.3976614e-001
2001-11-17,2.3850759e-001
2001-11-18,2.3739791e-001
2001-11-19,2.3424841e-001
2001-11-20,2.3066880e-001
2001-11-21,2.2732498e-001
2001-11-22,2.2286182e-001
2001-11-23,2.1729182e-001
2001-11-24,2.1054172e-001
2001-11-25,2.0505297e-001
2001-11-26,1.9951706e-001
2001-11-27,1.9483856e-001
2001-11-28,1.9353286e-001
2001-11-29,1.9280101e-001
2001-11-30,1.9367945e-001
2001-12-01,1.9715174e-001
2001-12-02,2.0039549e-001
2001-12-03,2.0381807e-001
2001-12-04,2.0825474e-001
2001-12-05,2.1292301e-001
2001-12-06,2.1614578e-001
2001-12-07,2.2080325e-001
2001-12-08,2.2504369e-001
2001-12-09,2.2861023e-001
2001-12-10,2.2954889e-001
2001-12-11,2.3060573e-001
2001-12-12,2.3066880e-001
2001-12-13,2.2748009e-001
2001-12-14,2.2168680e-001
2001-12-15,2.1938675e-001
2001-12-16,2.1289120e-001
2001-12-17,2.1049172e-001
2001-12-18,2.0617004e-001
2001-12-19,2.0029322e-001
2001-12-20,1.9717174e-001
2001-12-21,1.9466811e-001
2001-12-22,1.9362945e-001
2001-12-23,1.9357206e-001
2001-12-24,1.9264079e-001
2001-12-25,1.9159985e-001
2001-12-26,1.8693442e-001
2001-12-27,1.8006101e-001
2001-12-28,1.7226710e-001
2001-12-29,1.6480391e-001
2001-12-30,1.5805377e-001
2001-12-31,1.5100761e-001
2002-01-01,1.4548704e-001
2002-01-02,1.4101311e-001
2002-01-03,1.3676472e-001
2002-01-04,1.3206804e-001
2002-01-05,1.2888446e-001
2002-01-06,1.2535996e-001
2002-01-07,1.2301049e-001
2002-01-08,1.2298947e-001
2002-01-09,1.2763899e-001
2002-01-10,1.3320613e-001
2002-01-11,1.3886306e-001
2002-01-12,1.4439613e-001
2002-01-13,1.5019454e-001
2002-01-14,1.5352754e-001
2002-01-15,1.5565145e-001
2002-01-16,1.5808502e-001
2002-01-17,1.5905571e-001
2002-01-18,1.5702590e-001
2002-01-19,1.5582191e-001
2002-01-20,1.5689977e-001
2002-01-21,1.5897936e-001
2002-01-22,1.6014643e-001
2002-01-23,1.6374195e-001
2002-01-24,1.6572721e-001
2002-01-25,1.7041593e-001
2002-01-26,1.7346315e-001
2002-01-27,1.7910644e-001
2002-01-28,1.8149569e-001
2002-01-29,1.8378762e-001
2002-01-30,1.8039680e-001
2002-01-31,1.7917782e-001
2002-02-01,1.7708993e-001
2002-02-02,1.7474188e-001
2002-02-03,1.7356544e-001
2002-02-04,1.7585525e-001
2002-02-05,1.7719732e-001
2002-02-06,1.7911724e-001
2002-02-07,1.8144853e-001
2002-02-08,1.8364856e-001
2002-02-09,1.8369064e-001
2002-02-10,1.7817064e-001
2002-02-11,1.7033184e-001
2002-02-12,1.6240953e-001
2002-02-13,1.5332584e-001
2002-02-14,1.4428077e-001
2002-02-15,1.3868749e-001
2002-02-16,1.3306465e-001
2002-02-17,1.3185554e-001
2002-02-18,1.3306465e-001
2002-02-19,1.3423683e-001
2002-02-20,1.3543515e-001
2002-02-21,1.3543288e-001
2002-02-22,1.3637665e-001
2002-02-23,1.3661813e-001
2002-02-24,1.3540674e-001
2002-02-25,1.3425274e-001
2002-02-26,1.3072540e-001
2002-02-27,1.2072351e-001
2002-02-28,1.1055910e-001
2002-03-01,9.7156006e-002
2002-03-02,8.6925707e-002
2002-03-03,7.9273291e-002
2002-03-04,7.4660701e-002
2002-03-05,7.0239018e-002
2002-03-06,6.7967098e-002
2002-03-07,6.6790656e-002
2002-03-08,6.7957723e-002
2002-03-09,6.9179904e-002
2002-03-10,7.5749236e-002
2002-03-11,8.3754383e-002
2002-03-12,9.1575228e-002
2002-03-13,9.7242387e-002
2002-03-14,1.0279930e-001
2002-03-15,1.0739655e-001
2002-03-16,1.1051422e-001
2002-03-17,1.1412281e-001
2002-03-18,1.1848142e-001
2002-03-19,1.2078885e-001
2002-03-20,1.2281104e-001
2002-03-21,1.2623327e-001
2002-03-22,1.2631738e-001
2002-03-23,1.2514234e-001
2002-03-24,1.2185365e-001
2002-03-25,1.1721719e-001
2002-03-26,1.1292449e-001
2002-03-27,1.1061138e-001
2002-03-28,1.0816474e-001
2002-03-29,1.0943635e-001
2002-03-30,1.1168924e-001
2002-03-31,1.1608706e-001
2002-04-01,1.2393606e-001
2002-04-02,1.3416865e-001
2002-04-03,1.4399725e-001
2002-04-04,1.5308721e-001
2002-04-05,1.5782820e-001
2002-04-06,1.5975835e-001
2002-04-07,1.5866742e-001
2002-04-08,1.5426960e-001
2002-04-09,1.4990589e-001
2002-04-10,1.4519614e-001
2002-04-11,1.3957102e-001
2002-04-12,1.3639768e-001
2002-04-13,1.3412434e-001
2002-04-14,1.3056802e-001
2002-04-15,1.3061006e-001
2002-04-16,1.3178736e-001
2002-04-17,1.3295215e-001
2002-04-18,1.3644768e-001
2002-04-19,1.3970277e-001
2002-04-20,1.4314724e-001
2002-04-21,1.4745130e-001
2002-04-22,1.4984282e-001
2002-04-23,1.5307639e-001
2002-04-24,1.5538155e-001
2002-04-25,1.5759467e-001
2002-04-26,1.5852026e-001
2002-04-27,1.5853105e-001
2002-04-28,1.5773103e-001
2002-04-29,1.5427698e-001
2002-04-30,1.4863541e-001
2002-05-01,1.4256542e-001
2002-05-02,1.3515334e-001
2002-05-03,1.2619804e-001
2002-05-04,1.2146841e-001
2002-05-05,1.1844278e-001
2002-05-06,1.1445577e-001
2002-05-07,1.1121424e-001
2002-05-08,1.0903238e-001
2002-05-09,1.0616982e-001
2002-05-10,1.0228224e-001
2002-05-11,9.8972534e-002
2002-05-12,9.5390632e-002
2002-05-13,9.3880387e-002
2002-05-14,9.3833228e-002
2002-05-15,9.7299204e-002
2002-05-16,1.0482433e-001
2002-05-17,1.1716263e-001
2002-05-18,1.2827479e-001
2002-05-19,1.3456014e-001
2002-05-20,1.3772213e-001
2002-05-21,1.3923921e-001
2002-05-22,1.3891931e-001
2002-05-23,1.4008524e-001
2002-05-24,1.3941819e-001
2002-05-25,1.3787271e-001
2002-05-26,1.3671642e-001
2002-05-27,1.3648177e-001
2002-05-28,1.3829259e-001
2002-05-29,1.4218504e-001
2002-05-30,1.4829903e-001
2002-05-31,1.5637930e-001
2002-06-01,1.6679183e-001
2002-06-02,1.7806153e-001
2002-06-03,1.9065725e-001
2002-06-04,2.0316201e-001
2002-06-05,2.1484121e-001
2002-06-06,2.2760736e-001
2002-06-07,2.4111786e-001
2002-06-08,2.5508404e-001
2002-06-09,2.6743372e-001
2002-06-10,2.7794585e-001
2002-06-11,2.8534826e-001
2002-06-12,2.8883980e-001
2002-06-13,2.8973130e-001
2002-06-14,2.8890116e-001
2002-06-15,2.8775512e-001
2002-06-16,2.8591249e-001
2002-06-17,2.8489254e-001
2002-06-18,2.8569427e-001
2002-06-19,2.8621703e-001
2002-06-20,2.8732899e-001
2002-06-21,2.9161938e-001
2002-06-22,2.9866838e-001
2002-06-23,3.0539749e-001
2002-06-24,3.1094931e-001
2002-06-25,3.1411984e-001
2002-06-26,3.1760229e-001
2002-06-27,3.2310919e-001
2002-06-28,3.3220653e-001
2002-06-29,3.4671648e-001
2002-06-30,3.6338213e-001
2002-07-01,3.7784205e-001
2002-07-02,3.8923376e-001
2002-07-03,3.9713789e-001
2002-07-04,3.9706687e-001
2002-07-05,3.9239917e-001
2002-07-06,3.8134837e-001
2002-07-07,3.6679356e-001
2002-07-08,3.5350068e-001
2002-07-09,3.3753506e-001
2002-07-10,3.2075176e-001
2002-07-11,3.0972713e-001
2002-07-12,2.9624504e-001
2002-07-13,2.8495053e-001
2002-07-14,2.7375258e-001
2002-07-15,2.6494671e-001
2002-07-16,2.5704261e-001
2002-07-17,2.5616929e-001
2002-07-18,2.5804942e-001
2002-07-19,2.6055404e-001
2002-07-20,2.6375067e-001
2002-07-21,2.6728312e-001
2002-07-22,2.6615014e-001
2002-07-23,2.6507004e-001
2002-07-24,2.5947618e-001
2002-07-25,2.5153284e-001
2002-07-26,2.4165933e-001
2002-07-27,2.3578252e-001
2002-07-28,2.3028869e-001
2002-07-29,2.2602212e-001
2002-07-30,2.2122033e-001
2002-07-31,2.2125442e-001
2002-08-01,2.2034416e-001
2002-08-02,2.1809185e-001
2002-08-03,2.1804696e-001
2002-08-04,2.1577078e-001
2002-08-05,2.1351562e-001
2002-08-06,2.1570033e-001
2002-08-07,2.1808901e-001
2002-08-08,2.2122033e-001
2002-08-09,2.2248171e-001
2002-08-10,2.2477892e-001
2002-08-11,2.2588292e-001
2002-08-12,2.2702896e-001
2002-08-13,2.2708123e-001
2002-08-14,2.2703919e-001
2002-08-15,2.2479994e-001
2002-08-16,2.2043337e-001
2002-08-17,2.1574376e-001
2002-08-18,2.1131160e-001
2002-08-19,2.0783028e-001
2002-08-20,2.0691207e-001
2002-08-21,2.0694904e-001
2002-08-22,2.0708029e-001
2002-08-23,2.0785358e-001
2002-08-24,2.0905473e-001
2002-08-25,2.1023203e-001
2002-08-26,2.1125762e-001
2002-08-27,2.1136785e-001
2002-08-28,2.1456962e-001
2002-08-29,2.1688273e-001
2002-08-30,2.2038905e-001
2002-08-31,2.2596132e-001
2002-09-01,2.3044323e-001
2002-09-02,2.3590070e-001
2002-09-03,2.4168831e-001
2002-09-04,2.4716449e-001
2002-09-05,2.5270786e-001
2002-09-06,2.5495506e-001
2002-09-07,2.5832218e-001
2002-09-08,2.6171827e-001
2002-09-09,2.6375862e-001
2002-09-10,2.6851837e-001
2002-09-11,2.7160992e-001
2002-09-12,2.7401223e-001
2002-09-13,2.7750264e-001
2002-09-14,2.7840494e-001
2002-09-15,2.7747139e-001
2002-09-16,2.7624637e-001
2002-09-17,2.7171503e-001
2002-09-18,2.6724392e-001
2002-09-19,2.6178645e-001
2002-09-20,2.5502040e-001
2002-09-21,2.4713502e-001
2002-09-22,2.4167240e-001
2002-09-23,2.3378932e-001
2002-09-24,2.2698692e-001
2002-09-25,2.1920607e-001
2002-09-26,2.1248303e-001
2002-09-27,2.0701680e-001
2002-09-28,2.0114552e-001
2002-09-29,1.9681077e-001
2002-09-30,1.9241295e-001
2002-10-01,1.8768218e-001
2002-10-02,1.8577020e-001
2002-10-03,1.8217242e-001
2002-10-04,1.8222469e-001
2002-10-05,1.8340197e-001
2002-10-06,1.8577020e-001
2002-10-07,1.9020211e-001
2002-10-08,1.9569086e-001
2002-10-09,2.0004152e-001
2002-10-10,2.0596833e-001
2002-10-11,2.0907576e-001
2002-10-12,2.1137296e-001
2002-10-13,2.1371221e-001
2002-10-14,2.1577078e-001
2002-10-15,2.2034416e-001
2002-10-16,2.2593519e-001
2002-10-17,2.2922389e-001
2002-10-18,2.3502741e-001
2002-10-19,2.3696777e-001
2002-10-20,2.3933599e-001
2002-10-21,2.4055533e-001
2002-10-22,2.4057636e-001
2002-10-23,2.3697856e-001
2002-10-24,2.3377626e-001
2002-10-25,2.3152110e-001
2002-10-26,2.2694998e-001
2002-10-27,2.2480505e-001
2002-10-28,2.2249989e-001
2002-10-29,2.2036519e-001
2002-10-30,2.2241580e-001
2002-10-31,2.2712328e-001
2002-11-01,2.2908753e-001
2002-11-02,2.3023070e-001
2002-11-03,2.3273021e-001
2002-11-04,2.3269612e-001
2002-11-05,2.3152110e-001
2002-11-06,2.3149212e-001
2002-11-07,2.2822728e-001
2002-11-08,2.2237660e-001
2002-11-09,2.1455655e-001
2002-11-10,2.0592913e-001
2002-11-11,1.9906593e-001
2002-11-12,1.9256238e-001
2002-11-13,1.8765036e-001
2002-11-14,1.8891686e-001
2002-11-15,1.9328343e-001
2002-11-16,2.0348477e-001
2002-11-17,2.1372528e-001
2002-11-18,2.2238455e-001
2002-11-19,2.2921594e-001
2002-11-20,2.3580866e-001
2002-11-21,2.4036812e-001
2002-11-22,2.4489009e-001
2002-11-23,2.4835209e-001
2002-11-24,2.5258457e-001
2002-11-25,2.5496302e-001
2002-11-26,2.5707386e-001
2002-11-27,2.5705568e-001
2002-11-28,2.5693746e-001
2002-11-29,2.5816476e-001
2002-11-30,2.6283306e-001
2002-12-01,2.6942294e-001
2002-12-02,2.7930156e-001
2002-12-03,2.8961312e-001
2002-12-04,3.0529806e-001
2002-12-05,3.2186144e-001
2002-12-06,3.4308173e-001
2002-12-07,3.7467156e-001
2002-12-08,4.2040105e-001
2002-12-09,4.9419375e-001
2002-12-10,5.7353049e-001
2002-12-11,6.6168844e-001
2002-12-12,7.6330454e-001
2002-12-13,8.5700695e-001
2002-12-14,9.5850772e-001
2002-12-15,9.9980739e-001
2002-12-16,9.9986967e-001
2002-12-17,9.9986648e-001
2002-12-18,9.9984262e-001
2002-12-19,1.0000000e+000
2002-12-20,9.9986875e-001
2002-12-21,1.0000000e+000
2002-12-22,9.9995796e-001
2002-12-23,9.9996591e-001
2002-12-24,9.9997386e-001
2002-12-25,9.9988977e-001
2002-12-26,9.7642172e-001
2002-12-27,9.5403660e-001
2002-12-28,9.4065969e-001
2002-12-29,9.2845486e-001
2002-12-30,9.1285405e-001
2002-12-31,9.0410841e-001
2003-01-01,8.9402528e-001
2003-01-02,8.8843138e-001
2003-01-03,8.8052217e-001
2003-01-04,8.7518793e-001
2003-01-05,8.5949173e-001
2003-01-06,8.4263616e-001
2003-01-07,8.2368865e-001
2003-01-08,8.0254166e-001
2003-01-09,7.7810089e-001
2003-01-10,7.4435759e-001
2003-01-11,7.1771393e-001
2003-01-12,6.9535780e-001
2003-01-13,6.6547255e-001
2003-01-14,6.3831981e-001
2003-01-15,6.0269181e-001
2003-01-16,5.6361207e-001
2003-01-17,5.3453995e-001
2003-01-18,5.0236262e-001
2003-01-19,4.7330926e-001
2003-01-20,4.4539335e-001
2003-01-21,4.2630699e-001
2003-01-22,4.0419768e-001
2003-01-23,3.8726865e-001
2003-01-24,3.6716458e-001
2003-01-25,3.5037802e-001
2003-01-26,3.3924462e-001
2003-01-27,3.2706156e-001
2003-01-28,3.1806649e-001
2003-01-29,3.0354634e-001
2003-01-30,2.9213078e-001
2003-01-31,2.7783559e-001
2003-02-01,2.6422797e-001
2003-02-02,2.4990438e-001
2003-02-03,2.3546264e-001
2003-02-04,2.2631814e-001
2003-02-05,2.2164475e-001
2003-02-06,2.1969130e-001
2003-02-07,2.1732307e-001
2003-02-08,2.1737307e-001
2003-02-09,2.1970436e-001
2003-02-10,2.2883068e-001
2003-02-11,2.3980534e-001
2003-02-12,2.5318456e-001
2003-02-13,2.6344669e-001
2003-02-14,2.7329122e-001
2003-02-15,2.8235443e-001
2003-02-16,2.9022675e-001
2003-02-17,2.9583880e-001
2003-02-18,2.9922182e-001
2003-02-19,3.0121956e-001
2003-02-20,3.0243155e-001
2003-02-21,3.0121732e-001
2003-02-22,2.9915875e-001
2003-02-23,2.9224328e-001
2003-02-24,2.8782301e-001
2003-02-25,2.7875096e-001
2003-02-26,2.6892465e-001
2003-02-27,2.5899547e-001
2003-02-28,2.5266354e-001
2003-03-01,2.4110820e-001
2003-03-02,2.3010002e-001
2003-03-03,2.2157203e-001
2003-03-04,2.1375202e-001
2003-03-05,2.0682113e-001
2003-03-06,1.9997955e-001
2003-03-07,1.9312832e-001
2003-03-08,1.8585205e-001
2003-03-09,1.7995874e-001
2003-03-10,1.7478534e-001
2003-03-11,1.6922614e-001
2003-03-12,1.6277318e-001
2003-03-13,1.5687193e-001
2003-03-14,1.5131216e-001
2003-03-15,1.4216595e-001
2003-03-16,1.3857327e-001
2003-03-17,1.3568004e-001
2003-03-18,1.2928504e-001
2003-03-19,1.2327355e-001
2003-03-20,1.1836779e-001
2003-03-21,1.1242279e-001
2003-03-22,1.0555959e-001
2003-03-23,1.0125040e-001
2003-03-24,9.6492928e-002
2003-03-25,9.0741679e-002
2003-03-26,8.7750147e-002
2003-03-27,8.3203484e-002
2003-03-28,8.1435819e-002
2003-03-29,8.1178436e-002
2003-03-30,8.0174434e-002
2003-03-31,7.9839779e-002
2003-04-01,7.9072707e-002
2003-04-02,7.7211879e-002
2003-04-03,7.5579458e-002
2003-04-04,7.3695336e-002
2003-04-05,7.1636783e-002
2003-04-06,7.0729371e-002
2003-04-07,7.0824257e-002
2003-04-08,6.9229353e-002
2003-04-09,6.5715064e-002
2003-04-10,6.3256498e-002
2003-04-11,6.2018977e-002
2003-04-12,6.0946226e-002
2003-04-13,5.9238238e-002
2003-04-14,5.7189025e-002
2003-04-15,5.4166953e-002
2003-04-16,5.0575002e-002
2003-04-17,4.8003369e-002
2003-04-18,4.5839704e-002
2003-04-19,4.5145358e-002
2003-04-20,4.1612906e-002
2003-04-21,4.0364589e-002
2003-04-22,3.9113431e-002
2003-04-23,3.7196337e-002
2003-04-24,3.6048019e-002
2003-04-25,3.6048019e-002
2003-04-26,3.4823565e-002
2003-04-27,3.6103132e-002
2003-04-28,3.7130996e-002
2003-04-29,3.6032110e-002
2003-04-30,3.7194064e-002
2003-05-01,3.7183269e-002
2003-05-02,3.8127611e-002
2003-05-03,3.9312861e-002
2003-05-04,4.2774292e-002
2003-05-05,4.9532365e-002
2003-05-06,5.7339343e-002
2003-05-07,6.8516257e-002
2003-05-08,8.0713082e-002
2003-05-09,9.2102513e-002
2003-05-10,1.0892784e-001
2003-05-11,1.2574293e-001
2003-05-12,1.4461090e-001
2003-05-13,1.6577948e-001
2003-05-14,1.8279914e-001
2003-05-15,1.9965342e-001
2003-05-16,2.1187924e-001
2003-05-17,2.1860835e-001
2003-05-18,2.2185498e-001
2003-05-19,2.2099476e-001
2003-05-20,2.1749640e-001
2003-05-21,2.1299915e-001
2003-05-22,2.0949283e-001
2003-05-23,2.0516831e-001
2003-05-24,2.0040842e-001
2003-05-25,1.9613404e-001
2003-05-26,1.9182034e-001
2003-05-27,1.8944413e-001
2003-05-28,1.8509350e-001
2003-05-29,1.8043601e-001
2003-05-30,1.7832518e-001
2003-05-31,1.7610127e-001
2003-06-01,1.7592287e-001
2003-06-02,1.7375180e-001
2003-06-03,1.7172448e-001
2003-06-04,1.7261087e-001
2003-06-05,1.7598593e-001
2003-06-06,1.8035192e-001
2003-06-07,1.8154173e-001
2003-06-08,1.8840834e-001
2003-06-09,1.9725906e-001
2003-06-10,1.9962728e-001
2003-06-11,2.0163074e-001
2003-06-12,2.0637458e-001
2003-06-13,2.1309858e-001
2003-06-14,2.2184418e-001
2003-06-15,2.3309214e-001
2003-06-16,2.4414006e-001
2003-06-17,2.6231883e-001
2003-06-18,2.8778026e-001
2003-06-19,3.1141351e-001
2003-06-20,3.3706855e-001
2003-06-21,3.6265313e-001
2003-06-22,3.7837447e-001
2003-06-23,4.0082489e-001
2003-06-24,4.2079515e-001
2003-06-25,4.3884779e-001
2003-06-26,4.5633903e-001
2003-06-27,4.6870118e-001
2003-06-28,4.8681180e-001
2003-06-29,5.0362688e-001
2003-06-30,5.1584471e-001
2003-07-01,5.2138570e-001
2003-07-02,5.1590266e-001
2003-07-03,4.8553731e-001
2003-07-04,4.7337762e-001
2003-07-05,4.6114366e-001
2003-07-06,4.4875250e-001
2003-07-07,4.2531854e-001
2003-07-08,4.1087964e-001
2003-07-09,3.8485980e-001
2003-07-10,3.6483727e-001
2003-07-11,3.4605282e-001
2003-07-12,3.2347115e-001
2003-07-13,3.0473071e-001
2003-07-14,2.8100750e-001
2003-07-15,2.6339669e-001
2003-07-16,2.4757308e-001
2003-07-17,2.2957787e-001
2003-07-18,2.1501564e-001
2003-07-19,1.9839204e-001
2003-07-20,1.8610034e-001
2003-07-21,1.7241144e-001
2003-07-22,1.6255386e-001
2003-07-23,1.5230763e-001
2003-07-24,1.4143301e-001
2003-07-25,1.3463287e-001
2003-07-26,1.2559860e-001
2003-07-27,1.1107275e-001
2003-07-28,1.0550561e-001
2003-07-29,1.0778975e-001
2003-07-30,1.0667268e-001
2003-07-31,1.0778179e-001
2003-08-01,1.0430956e-001
2003-08-02,1.0428911e-001
2003-08-03,1.0434366e-001
2003-08-04,1.0778975e-001
2003-08-05,1.1103355e-001
2003-08-06,1.1568080e-001
2003-08-07,1.2242809e-001
2003-08-08,1.3006971e-001
2003-08-09,1.4024776e-001
2003-08-10,1.5478097e-001
2003-08-11,1.7254780e-001
2003-08-12,1.9620222e-001
2003-08-13,2.1962780e-001
2003-08-14,2.4104627e-001
2003-08-15,2.6228474e-001
2003-08-16,2.8357093e-001
2003-08-17,3.0474182e-001
2003-08-18,3.2238022e-001
2003-08-19,3.4052486e-001
2003-08-20,3.4377948e-001
2003-08-21,3.4361925e-001
2003-08-22,3.3810948e-001
2003-08-23,3.2584222e-001
2003-08-24,3.0905040e-001
2003-08-25,2.8896711e-001
2003-08-26,2.6778145e-001
2003-08-27,2.4879753e-001
2003-08-28,2.2870455e-001
2003-08-29,2.0618879e-001
2003-08-30,1.8375087e-001
2003-08-31,1.6494027e-001
2003-09-01,1.5236559e-001
2003-09-02,1.3101631e-001
2003-09-03,1.1561773e-001
2003-09-04,1.0193907e-001
2003-09-05,8.8396749e-002
2003-09-06,7.6102766e-002
2003-09-07,6.1579760e-002
2003-09-08,5.0486935e-002
2003-09-09,3.9150363e-002
2003-09-10,3.1288272e-002
2003-09-11,2.5623963e-002
2003-09-12,2.0174424e-002
2003-09-13,1.9020425e-002
2003-09-14,2.1318978e-002
2003-09-15,3.2494543e-002
2003-09-16,4.9423950e-002
2003-09-17,7.1930530e-002
2003-09-18,1.0544471e-001
2003-09-19,1.4370633e-001
2003-09-20,1.7919804e-001
2003-09-21,2.1491667e-001
2003-09-22,2.5311954e-001
2003-09-23,2.8887684e-001
2003-09-24,3.1807956e-001
2003-09-25,3.5040632e-001
2003-09-26,3.8295581e-001
2003-09-27,4.1093191e-001
2003-09-28,4.3326188e-001
2003-09-29,4.5417819e-001
2003-09-30,4.7106944e-001
2003-10-01,4.8440430e-001
2003-10-02,4.9092603e-001
2003-10-03,4.9444034e-001
2003-10-04,5.0130354e-001
2003-10-05,4.9644664e-001
2003-10-06,4.9342551e-001
2003-10-07,4.8676969e-001
2003-10-08,4.7094611e-001
2003-10-09,4.5984535e-001
2003-10-10,4.4204956e-001
2003-10-11,4.2613902e-001
2003-10-12,4.1865476e-001
2003-10-13,4.0954723e-001
2003-10-14,4.0182800e-001
2003-10-15,3.9286891e-001
2003-10-16,3.8374501e-001
2003-10-17,3.7704206e-001
2003-10-18,3.6844585e-001
2003-10-19,3.6159345e-001
2003-10-20,3.5697802e-001
2003-10-21,3.5261944e-001
2003-10-22,3.4911742e-001
2003-10-23,3.4585737e-001
2003-10-24,3.4157038e-001
2003-10-25,3.3918049e-001
2003-10-26,3.3560262e-001
2003-10-27,3.3134116e-001
2003-10-28,3.2795590e-001
2003-10-29,3.2232046e-001
2003-10-30,3.1668181e-001
2003-10-31,3.0899415e-001
2003-11-01,2.9997692e-001
2003-11-02,2.9319955e-001
2003-11-03,2.8457266e-001
2003-11-04,2.7875891e-001
2003-11-05,2.7557024e-001
2003-11-06,2.7311789e-001
2003-11-07,2.7667932e-001
2003-11-08,2.8342662e-001
2003-11-09,2.9209953e-001
2003-11-10,3.0793333e-001
2003-11-11,3.2472231e-001
2003-11-12,3.4368232e-001
2003-11-13,3.6051274e-001
2003-11-14,3.7516964e-001
2003-11-15,3.7385982e-001
2003-11-16,3.7722438e-001
2003-11-17,3.8721723e-001
2003-11-18,3.9083154e-001
2003-11-19,3.9176448e-001
2003-11-20,3.8970083e-001
2003-11-21,3.8182567e-001
2003-11-22,3.7394256e-001
2003-11-23,3.6592820e-001
2003-11-24,3.5698885e-001
2003-11-25,3.5028303e-001
2003-11-26,3.4031237e-001
2003-11-27,3.3442760e-001
2003-11-28,3.2902294e-001
2003-11-29,3.2349502e-001
2003-11-30,3.1567781e-001
2003-12-01,3.0665377e-001
2003-12-02,2.9785816e-001
2003-12-03,2.8655794e-001
2003-12-04,2.7665830e-001
2003-12-05,2.6762406e-001
2003-12-06,2.5662042e-001
2003-12-07,2.4641908e-001
2003-12-08,2.3617083e-001
2003-12-09,2.2396603e-001
2003-12-10,2.1849809e-001
2003-12-11,2.1049513e-001
2003-12-12,2.0035458e-001
2003-12-13,1.9159985e-001
2003-12-14,1.8486303e-001
2003-12-15,1.7711847e-001
2003-12-16,1.6914693e-001
2003-12-17,1.6258284e-001
2003-12-18,1.5576963e-001
2003-12-19,1.5236798e-001
2003-12-20,1.4965887e-001
2003-12-21,1.4525352e-001
2003-12-22,1.4066015e-001
2003-12-23,1.3764599e-001
2003-12-24,1.3467037e-001
2003-12-25,1.3112996e-001
2003-12-26,1.2795958e-001
2003-12-27,1.2527303e-001
2003-12-28,1.2232184e-001
2003-12-29,1.1890278e-001
2003-12-30,1.1686223e-001
2003-12-31,1.1523478e-001
2004-01-01,1.1499499e-001
2004-01-02,1.1682116e-001
2004-01-03,1.1968031e-001
2004-01-04,1.2514860e-001
2004-01-05,1.3118515e-001
2004-01-06,1.3812385e-001
2004-01-07,1.4727910e-001
2004-01-08,1.5583781e-001
2004-01-09,1.6189646e-001
2004-01-10,1.6777323e-001
2004-01-11,1.7235178e-001
2004-01-12,1.7584437e-001
2004-01-13,1.7841971e-001
2004-01-14,1.7986554e-001
2004-01-15,1.8176785e-001
2004-01-16,1.8339572e-001
2004-01-17,1.8381905e-001
2004-01-18,1.8457078e-001
2004-01-19,1.8487227e-001
2004-01-20,1.8769979e-001
2004-01-21,1.9148661e-001
2004-01-22,1.9551298e-001
2004-01-23,2.0063693e-001
2004-01-24,2.0692859e-001
2004-01-25,2.1367585e-001
2004-01-26,2.1967766e-001
2004-01-27,2.2600735e-001
2004-01-28,2.3280407e-001
2004-01-29,2.4011670e-001
2004-01-30,2.4728757e-001
2004-01-31,2.5414538e-001
2004-02-01,2.5666722e-001
2004-02-02,2.5930853e-001
2004-02-03,2.6165691e-001
2004-02-04,2.6293732e-001
2004-02-05,2.6378536e-001
2004-02-06,2.6556492e-001
2004-02-07,2.6794451e-001
2004-02-08,2.7037161e-001
2004-02-09,2.7322233e-001
2004-02-10,2.7987598e-001
2004-02-11,2.8886309e-001
2004-02-12,2.9669621e-001
2004-02-13,3.0339631e-001
2004-02-14,3.1247263e-001
2004-02-15,3.1132189e-001
2004-02-16,3.1457324e-001
2004-02-17,3.1247525e-001
2004-02-18,3.0458657e-001
2004-02-19,2.9787009e-001
2004-02-20,2.8539939e-001
2004-02-21,2.7202184e-001
2004-02-22,2.5544007e-001
2004-02-23,2.4094343e-001
2004-02-24,2.2393947e-001
2004-02-25,2.0620697e-001
2004-02-26,1.9039358e-001
2004-02-27,1.7705641e-001
2004-02-28,1.6243113e-001
2004-02-29,1.5104740e-001
2004-03-01,1.4003840e-001
2004-03-02,1.3098506e-001
2004-03-03,1.2427654e-001
2004-03-04,1.1997350e-001
2004-03-05,1.1871961e-001
2004-03-06,1.1763571e-001
2004-03-07,1.1875926e-001
2004-03-08,1.2310708e-001
2004-03-09,1.2646908e-001
2004-03-10,1.3447263e-001
2004-03-11,1.4126570e-001
2004-03-12,1.4797063e-001
2004-03-13,1.5585372e-001
2004-03-14,1.6582087e-001
2004-03-15,1.7825643e-001
2004-03-16,1.8940645e-001
2004-03-17,2.0516831e-001
2004-03-18,2.2085794e-001
2004-03-19,2.3862521e-001
2004-03-20,2.5662042e-001
2004-03-21,2.7551875e-001
2004-03-22,2.9555187e-001
2004-03-23,3.1237124e-001
2004-03-24,3.3455089e-001
2004-03-25,3.5387855e-001
2004-03-26,3.7038908e-001
2004-03-27,3.7390336e-001
2004-03-28,3.8065939e-001
2004-03-29,3.9285030e-001
2004-03-30,4.0736821e-001
2004-03-31,4.1944684e-001
2004-04-01,4.2974761e-001
2004-04-02,4.3325392e-001
2004-04-03,4.4314845e-001
2004-04-04,4.5411285e-001
2004-04-05,4.5652028e-001
2004-04-06,4.5765326e-001
2004-04-07,4.5989535e-001
2004-04-08,4.6107879e-001
2004-04-09,4.5660039e-001
2004-04-10,4.5410489e-001
2004-04-11,4.4659965e-001
2004-04-12,4.3975747e-001
2004-04-13,4.3201356e-001
2004-04-14,4.2183609e-001
2004-04-15,4.0956030e-001
2004-04-16,3.9818394e-001
2004-04-17,3.8611327e-001
2004-04-18,3.7606420e-001
2004-04-19,3.6247600e-001
2004-04-20,3.4831877e-001
2004-04-21,2.9325580e-001
2004-04-22,2.8880106e-001
2004-04-23,2.8328535e-001
2004-04-24,2.7314687e-001
2004-04-25,2.6326033e-001
2004-04-26,2.5194192e-001
2004-04-27,2.3971671e-001
2004-04-28,2.5981129e-001
2004-04-29,2.1602443e-001
2004-04-30,2.0495972e-001
2004-05-01,1.9479652e-001
2004-05-02,1.9284796e-001
2004-05-03,1.8254653e-001
2004-05-04,1.7583000e-001
2004-05-05,1.6915533e-001
2004-05-06,1.7913737e-001
2004-05-07,1.7244041e-001
2004-05-08,1.6481072e-001
2004-05-09,1.5904243e-001
2004-05-10,1.5347527e-001
2004-05-11,1.5016270e-001
2004-05-12,1.4794960e-001
2004-05-13,1.4900448e-001
2004-05-14,1.5219002e-001
2004-05-15,1.6574482e-001
2004-05-16,1.8696340e-001
2004-05-17,2.1846400e-001
2004-05-18,2.7783602e-001
2004-05-19,3.4047771e-001
2004-05-20,4.1077680e-001
2004-05-21,4.8315091e-001
2004-05-22,5.5038175e-001
2004-05-23,6.0728337e-001
2004-05-24,6.5077400e-001
2004-05-25,6.8860255e-001
2004-05-26,7.2309242e-001
2004-05-27,7.5235097e-001
2004-05-28,7.7697810e-001
2004-05-29,8.0359023e-001
2004-05-30,8.2021419e-001
2004-05-31,8.4262537e-001
2004-06-01,8.6388550e-001
2004-06-02,8.7943631e-001
2004-06-03,8.8381084e-001
2004-06-04,8.8294778e-001
2004-06-05,8.7644935e-001
2004-06-06,8.6261612e-001
2004-06-07,8.3481331e-001
2004-06-08,8.1349814e-001
2004-06-09,7.8361290e-001
2004-06-10,7.4241436e-001
2004-06-11,7.0077549e-001
2004-06-12,6.4962792e-001
2004-06-13,6.0714190e-001
2004-06-14,5.5137428e-001
2004-06-15,5.0548375e-001
2004-06-16,4.6764945e-001
2004-06-17,4.2533161e-001
2004-06-18,3.8375807e-001
2004-06-19,3.4701535e-001
2004-06-20,3.1554088e-001
2004-06-21,2.8762785e-001
2004-06-22,2.6874908e-001
2004-06-23,2.4643215e-001
2004-06-24,2.2397378e-001
2004-06-25,2.0605981e-001
2004-06-26,1.9154985e-001
2004-06-27,1.7822043e-001
2004-06-28,1.6684939e-001
2004-06-29,1.5579066e-001
2004-06-30,1.4555808e-001
2004-07-01,1.4126481e-001
2004-07-02,1.3454878e-001
2004-07-03,1.3195270e-001
2004-07-04,1.2434472e-001
2004-07-05,1.2105760e-001
2004-07-06,1.1868312e-001
2004-07-07,1.1553545e-001
2004-07-08,1.1203016e-001
2004-07-09,1.1083696e-001
2004-07-10,1.0766643e-001
2004-07-11,1.0864758e-001
2004-07-12,1.0766643e-001
2004-07-13,1.0862100e-001
2004-07-14,1.0981705e-001
2004-07-15,1.0413909e-001
2004-07-16,1.0863691e-001
2004-07-17,1.1449271e-001
2004-07-18,1.1653309e-001
2004-07-19,1.1992407e-001
2004-07-20,1.2328037e-001
2004-07-21,1.2791682e-001
2004-07-22,1.3355501e-001
2004-07-23,1.3580789e-001
2004-07-24,1.4459272e-001
2004-07-25,1.4922294e-001
2004-07-26,1.5591111e-001
2004-07-27,1.6017257e-001
2004-07-28,1.6588972e-001
2004-07-29,1.7248189e-001
2004-07-30,1.7712914e-001
2004-07-31,1.8041557e-001
2004-08-01,1.8611114e-001
2004-08-02,1.9061407e-001
2004-08-03,1.9613404e-001
2004-08-04,2.0175176e-001
2004-08-05,2.0638765e-001
2004-08-06,2.0958438e-001
2004-08-07,2.1509845e-001
2004-08-08,2.2292489e-001
2004-08-09,2.2643348e-001
2004-08-10,2.3186428e-001
2004-08-11,2.3632516e-001
2004-08-12,2.4206050e-001
2004-08-13,2.4539921e-001
2004-08-14,2.5089836e-001
2004-08-15,2.5441242e-001
2004-08-16,2.6423536e-001
2004-08-17,2.6886499e-001
2004-08-18,2.8007030e-001
2004-08-19,2.8782582e-001
2004-08-20,2.9571550e-001
2004-08-21,3.0011332e-001
2004-08-22,3.0355039e-001
2004-08-23,3.0237700e-001
2004-08-24,3.0243155e-001
2004-08-25,2.9440639e-001
2004-08-26,2.8895173e-001
2004-08-27,2.7999523e-001
2004-08-28,2.7330368e-001
2004-08-29,2.6767722e-001
2004-08-30,2.5994616e-001
2004-08-31,2.5428810e-001
2004-09-01,2.4873731e-001
2004-09-02,2.4536228e-001
2004-09-03,2.3971387e-001
2004-09-04,2.3412796e-001
2004-09-05,2.3198246e-001
2004-09-06,2.2753815e-001
2004-09-07,2.2648064e-001
2004-09-08,2.2290103e-001
2004-09-09,2.1970436e-001
2004-09-10,2.1720841e-001
2004-09-11,2.1614578e-001
2004-09-12,2.1421586e-001
2004-09-13,2.1189742e-001
2004-09-14,2.0745244e-001
2004-09-15,2.0395678e-001
2004-09-16,1.9840588e-001
2004-09-17,1.9489346e-001
2004-09-18,1.9603858e-001
2004-09-19,1.9487265e-001
2004-09-20,1.9369287e-001
2004-09-21,1.9615484e-001
2004-09-22,1.9729432e-001
2004-09-23,1.9843898e-001
2004-09-24,2.0297490e-001
2004-09-25,2.0508511e-001
2004-09-26,2.0837907e-001
2004-09-27,2.1303665e-001
2004-09-28,2.1863449e-001
2004-09-29,2.2653007e-001
2004-09-30,2.3330748e-001
2004-10-01,2.4423725e-001
2004-10-02,2.5206238e-001
2004-10-03,2.5886251e-001
2004-10-04,2.6673256e-001
2004-10-05,2.6666949e-001
2004-10-06,2.6557856e-001
2004-10-07,2.6341715e-001
2004-10-08,2.5761441e-001
2004-10-09,2.5446469e-001
2004-10-10,2.5001236e-001
2004-10-11,2.4428498e-001
2004-10-12,2.3985989e-001
2004-10-13,2.3549616e-001
2004-10-14,2.3556469e-001
2004-10-15,2.3426886e-001
2004-10-16,2.3635528e-001
2004-10-17,2.3866668e-001
2004-10-18,2.4652139e-001
2004-10-19,2.5406484e-001
2004-10-20,2.6570583e-001
2004-10-21,2.8112600e-001
2004-10-22,2.9422298e-001
2004-10-23,3.0902881e-001
2004-10-24,3.2218363e-001
2004-10-25,3.3097156e-001
2004-10-26,3.3754248e-001
2004-10-27,3.4008055e-001
2004-10-28,3.3913223e-001
2004-10-29,3.3340921e-001
2004-10-30,3.2478651e-001
2004-10-31,3.1594144e-001
2004-11-01,3.0296546e-001
2004-11-02,2.8949579e-001
2004-11-03,2.7700155e-001
2004-11-04,2.6338988e-001
2004-11-05,2.4657799e-001
2004-11-06,2.3572069e-001
2004-11-07,2.2613000e-001
2004-11-08,2.1509579e-001
2004-11-09,2.0380753e-001
2004-11-10,1.9140895e-001
2004-11-11,1.7981748e-001
2004-11-12,1.6919883e-001
2004-11-13,1.5664920e-001
2004-11-14,1.4590353e-001
2004-11-15,1.3701928e-001
2004-11-16,1.2997596e-001
2004-11-17,1.2368253e-001
2004-11-18,1.1568477e-001
2004-11-19,1.0797717e-001
2004-11-20,1.0201243e-001
2004-11-21,9.7696110e-002
2004-11-22,9.5657266e-002
2004-11-23,9.5809395e-002
2004-11-24,9.7720098e-002
2004-11-25,1.0000683e-001
2004-11-26,1.0101108e-001
2004-11-27,1.0101282e-001
2004-11-28,1.0103677e-001
2004-11-29,1.0101347e-001
2004-11-30,1.0089586e-001
2004-12-01,1.0357317e-001
2004-12-02,1.0736644e-001
2004-12-03,1.1139095e-001
2004-12-04,1.1698181e-001
2004-12-05,1.2180718e-001
2004-12-06,1.2608270e-001
2004-12-07,1.2914696e-001
2004-12-08,1.3197543e-001
2004-12-09,1.3906760e-001
2004-12-10,1.4453249e-001
2004-12-11,1.5115136e-001
2004-12-12,1.5470768e-001
2004-12-13,1.6687553e-001
2004-12-14,1.7813880e-001
2004-12-15,1.9177031e-001
2004-12-16,2.1067808e-001
2004-12-17,2.3540752e-001
2004-12-18,2.5424424e-001
2004-12-19,2.8114337e-001
2004-12-20,3.1020440e-001
2004-12-21,3.4160273e-001
2004-12-22,3.7046011e-001
2004-12-23,4.0183674e-001
2004-12-24,4.3191129e-001
2004-12-25,4.6993703e-001
2004-12-26,5.0670817e-001
2004-12-27,5.3472859e-001
2004-12-28,5.6026601e-001
2004-12-29,5.7386103e-001
2004-12-30,5.8608922e-001
2004-12-31,5.8070015e-001
2005-01-01,5.6596616e-001
2005-01-02,5.5471593e-001
2005-01-03,5.3347583e-001
2005-01-04,5.1453414e-001
2005-01-05,4.9224654e-001
2005-01-06,4.7334846e-001
2005-01-07,4.4977810e-001
2005-01-08,4.2739039e-001
2005-01-09,4.0619603e-001
2005-01-10,3.8060349e-001
2005-01-11,3.5580072e-001
2005-01-12,3.3252684e-001
2005-01-13,3.1246684e-001
2005-01-14,2.8446528e-001
2005-01-15,2.6877011e-001
2005-01-16,2.5432322e-001
2005-01-17,2.3840142e-001
2005-01-18,2.2518005e-001
2005-01-19,2.1285121e-001
2005-01-20,2.0160372e-001
2005-01-21,1.9274569e-001
2005-01-22,1.8150876e-001
2005-01-23,1.7246699e-001
2005-01-24,1.6363968e-001
2005-01-25,1.5227901e-001
2005-01-26,1.4446048e-001
2005-01-27,1.3889431e-001
2005-01-28,1.3459367e-001
2005-01-29,1.2991322e-001
2005-01-30,1.2435975e-001
2005-01-31,1.1647535e-001
2005-02-01,1.1647571e-001
2005-02-02,1.1096537e-001
2005-02-03,1.0545334e-001
2005-02-04,9.8734451e-002
2005-02-05,8.9440522e-002
2005-02-06,8.9597907e-002
2005-02-07,8.5200105e-002
2005-02-08,8.0511380e-002
2005-02-09,7.4959348e-002
2005-02-10,7.1768031e-002
2005-02-11,7.0608918e-002
2005-02-12,6.8222511e-002
2005-02-13,6.7131579e-002
2005-02-14,6.5183234e-002
2005-02-15,6.7105442e-002
2005-02-16,6.8263419e-002
2005-02-17,7.1886212e-002
2005-02-18,7.2858964e-002
2005-02-19,7.9627264e-002
2005-02-20,8.7321725e-002
2005-02-21,8.9587680e-002
2005-02-22,1.0536768e-001
2005-02-23,1.1335689e-001
2005-02-24,1.1983940e-001
2005-02-25,1.2894469e-001
2005-02-26,1.3459367e-001
2005-02-27,1.4022388e-001
2005-02-28,1.4685867e-001
2005-03-01,1.5464745e-001
2005-03-02,1.6255386e-001
2005-03-03,1.7480068e-001
2005-03-04,1.8934470e-001
2005-03-05,2.0395408e-001
2005-03-06,2.1963902e-001
2005-03-07,2.4209232e-001
2005-03-08,2.5764829e-001
2005-03-09,2.7326221e-001
2005-03-10,2.8778523e-001
2005-03-11,2.9571550e-001
2005-03-12,3.1010213e-001
2005-03-13,3.1460506e-001
2005-03-14,3.2120293e-001
2005-03-15,3.2707974e-001
2005-03-16,3.2905419e-001
2005-03-17,3.3130934e-001
2005-03-18,3.3143836e-001
2005-03-19,3.3033436e-001
2005-03-20,3.3248437e-001
2005-03-21,3.3376170e-001
2005-03-22,3.3373556e-001
2005-03-23,3.3258951e-001
2005-03-24,3.2795019e-001
2005-03-25,3.2117267e-001
2005-03-26,3.1250043e-001
2005-03-27,3.0470063e-001
2005-03-28,2.9332157e-001
2005-03-29,2.8105612e-001
2005-03-30,2.7000024e-001
2005-03-31,2.5751214e-001
2005-04-01,2.4653446e-001
2005-04-02,2.3310432e-001
2005-04-03,2.2867351e-001
2005-04-04,2.1299428e-001
2005-04-05,2.0037483e-001
2005-04-06,1.9174928e-001
2005-04-07,1.8032132e-001
2005-04-08,1.7244041e-001
2005-04-09,1.6691246e-001
2005-04-10,1.6577948e-001
2005-04-11,1.6802214e-001
2005-04-12,1.7842145e-001
2005-04-13,1.9836906e-001
2005-04-14,2.1980688e-001
2005-04-15,2.4305996e-001
2005-04-16,2.6336260e-001
2005-04-17,2.7572479e-001
2005-04-18,2.9126314e-001
2005-04-19,3.0002334e-001
2005-04-20,2.9919796e-001
2005-04-21,3.0356236e-001
2005-04-22,3.0236845e-001
2005-04-23,2.9921102e-001
2005-04-24,2.9142791e-001
2005-04-25,2.8778544e-001
2005-04-26,2.8114021e-001
2005-04-27,2.7207412e-001
2005-04-28,2.7007865e-001
2005-04-29,2.6423592e-001
2005-04-30,2.6108926e-001
2005-05-01,2.6099853e-001
2005-05-02,2.5877924e-001
2005-05-03,2.5985941e-001
2005-05-04,2.6112009e-001
2005-05-05,2.6104438e-001
2005-05-06,2.6110233e-001
2005-05-07,2.5987024e-001
2005-05-08,2.5879944e-001
2005-05-09,2.5086179e-001
2005-05-10,2.4772766e-001
2005-05-11,2.4305907e-001
2005-05-12,2.3424841e-001
2005-05-13,2.2523033e-001
2005-05-14,2.1616254e-001
2005-05-15,2.1055479e-001
2005-05-16,2.0405831e-001
2005-05-17,2.0051857e-001
2005-05-18,1.9736928e-001
2005-05-19,1.9955626e-001
2005-05-20,2.0280008e-001
2005-05-21,2.1299436e-001
2005-05-22,2.3421432e-001
2005-05-23,2.5995344e-001
2005-05-24,2.9457457e-001
2005-05-25,3.3271792e-001
2005-05-26,3.7961995e-001
2005-05-27,4.2876907e-001
2005-05-28,4.8578106e-001
2005-05-29,5.4390959e-001
2005-05-30,5.9622469e-001
2005-05-31,6.4760287e-001
2005-06-01,7.0005732e-001
2005-06-02,7.4463082e-001
2005-06-03,7.8595876e-001
2005-06-04,8.1617830e-001
2005-06-05,8.5312355e-001
2005-06-06,8.7433112e-001
2005-06-07,8.9426278e-001
2005-06-08,8.9865882e-001
2005-06-09,9.0444647e-001
2005-06-10,8.9855250e-001
2005-06-11,8.9554828e-001
2005-06-12,8.8092444e-001
2005-06-13,8.7079856e-001
2005-06-14,8.4953800e-001
2005-06-15,8.2513132e-001
2005-06-16,7.9607561e-001
2005-06-17,7.5912788e-001
2005-06-18,7.2455327e-001
2005-06-19,6.8880993e-001
2005-06-20,6.5187001e-001
2005-06-21,6.1528058e-001
2005-06-22,5.7963347e-001
2005-06-23,5.4383388e-001
2005-06-24,5.1239532e-001
2005-06-25,4.8245319e-001
2005-06-26,4.5419214e-001
2005-06-27,4.2540263e-001
2005-06-28,4.0295675e-001
2005-06-29,3.8070292e-001
2005-06-30,3.5150975e-001
2005-07-01,3.3704199e-001
2005-07-02,3.1018395e-001
2005-07-03,2.9208678e-001
2005-07-04,2.7202184e-001
2005-07-05,2.5310104e-001
2005-07-06,2.3530525e-001
2005-07-07,2.2091284e-001
2005-07-08,2.0743337e-001
2005-07-09,1.9842499e-001
2005-07-10,1.9288169e-001
2005-07-11,1.8936391e-001
2005-07-12,1.9050313e-001
2005-07-13,1.9284714e-001
2005-07-14,2.0402422e-001
2005-07-15,2.2285259e-001
2005-07-16,2.3540752e-001
2005-07-17,2.5666737e-001
2005-07-18,2.7782320e-001
2005-07-19,2.9803373e-001
2005-07-20,3.1799092e-001
2005-07-21,3.3267076e-001
2005-07-22,3.4370334e-001
2005-07-23,3.5156032e-001
2005-07-24,3.5814292e-001
2005-07-25,3.7282265e-001
2005-07-26,3.8969288e-001
2005-07-27,4.1526950e-001
2005-07-28,4.3532045e-001
2005-07-29,4.6327553e-001
2005-07-30,4.8667253e-001
2005-07-31,5.0918378e-001
2005-08-01,5.3152195e-001
2005-08-02,5.4920996e-001
2005-08-03,5.6361341e-001
2005-08-04,5.7942772e-001
2005-08-05,5.9040295e-001
2005-08-06,6.0182875e-001
2005-08-07,6.0614603e-001
2005-08-08,6.0922149e-001
2005-08-09,6.0842150e-001
2005-08-10,6.0852377e-001
2005-08-11,6.0062244e-001
2005-08-12,5.9033989e-001
2005-08-13,5.7155544e-001
2005-08-14,5.6141898e-001
2005-08-15,5.4567484e-001
2005-08-16,5.2133343e-001
2005-08-17,5.0004439e-001
2005-08-18,4.7774056e-001
2005-08-19,4.6538183e-001
2005-08-20,4.5269976e-001
2005-08-21,4.4358935e-001
2005-08-22,4.3628866e-001
2005-08-23,4.2800665e-001
2005-08-24,4.2006501e-001
2005-08-25,4.1195069e-001
2005-08-26,4.0508180e-001
2005-08-27,3.9805099e-001
2005-08-28,3.8957129e-001
2005-08-29,3.8058702e-001
2005-08-30,3.7025954e-001
2005-08-31,3.6674811e-001
2005-09-01,3.6789927e-001
2005-09-02,3.7385677e-001
2005-09-03,3.8344107e-001
2005-09-04,3.9369464e-001
2005-09-05,4.0850516e-001
2005-09-06,4.2493729e-001
2005-09-07,4.4339955e-001
2005-09-08,4.6480680e-001
2005-09-09,4.8096620e-001
2005-09-10,4.9042497e-001
2005-09-11,4.9892736e-001
2005-09-12,5.0603090e-001
2005-09-13,5.0444562e-001
2005-09-14,4.9835514e-001
2005-09-15,4.8813054e-001
2005-09-16,4.7714565e-001
2005-09-17,4.6587443e-001
2005-09-18,4.5076562e-001
2005-09-19,4.3388520e-001
2005-09-20,4.1589791e-001
2005-09-21,4.0104534e-001
2005-09-22,3.8595244e-001
2005-09-23,3.7126354e-001
2005-09-24,3.5784452e-001
2005-09-25,3.4577896e-001
2005-09-26,3.3594750e-001
2005-09-27,3.2784056e-001
2005-09-28,3.1776081e-001
2005-09-29,3.1141465e-001
2005-09-30,3.0466739e-001
2005-10-01,3.0000594e-001
2005-10-02,2.9976048e-001
2005-10-03,3.0074684e-001
2005-10-04,3.0415543e-001
2005-10-05,3.1124647e-001
2005-10-06,3.2017620e-001
2005-10-07,3.3109969e-001
2005-10-08,3.4110813e-001
2005-10-09,3.4733011e-001
2005-10-10,3.6180314e-001
2005-10-11,3.7639715e-001
2005-10-12,3.8982924e-001
2005-10-13,3.9850155e-001
2005-10-14,4.1410244e-001
2005-10-15,4.2086049e-001
2005-10-16,4.3770970e-001
2005-10-17,4.5115198e-001
2005-10-18,4.6442953e-001
2005-10-19,4.7355528e-001
2005-10-20,4.8568234e-001
2005-10-21,4.9113803e-001
2005-10-22,4.9914270e-001
2005-10-23,5.0374222e-001
2005-10-24,5.1235143e-001
2005-10-25,5.1806067e-001
2005-10-26,5.2924498e-001
2005-10-27,5.4148952e-001
2005-10-28,5.4504814e-001
2005-10-29,5.5174309e-001
2005-10-30,5.5272668e-001
2005-10-31,5.5051584e-001
2005-11-01,5.5045277e-001
2005-11-02,5.4691801e-001
2005-11-03,5.3920254e-001
2005-11-04,5.3841335e-001
2005-11-05,5.3164730e-001
2005-11-06,5.2493125e-001
2005-11-07,5.1124235e-001
2005-11-08,4.9670629e-001
2005-11-09,4.8320318e-001
2005-11-10,4.6660813e-001
2005-11-11,4.4752521e-001
2005-11-12,4.3208686e-001
2005-11-13,4.1972752e-001
2005-11-14,4.0519657e-001
2005-11-15,3.9512137e-001
2005-11-16,3.8857297e-001
2005-11-17,3.8376890e-001
2005-11-18,3.7277322e-001
2005-11-19,3.6948451e-001
2005-11-20,3.6726572e-001
2005-11-21,3.6169064e-001
2005-11-22,3.5711441e-001
2005-11-23,3.5264330e-001
2005-11-24,3.5165748e-001
2005-11-25,3.4600055e-001
2005-11-26,3.4727784e-001
2005-11-27,3.4047259e-001
2005-11-28,3.3585432e-001
2005-11-29,3.3375811e-001
2005-11-30,3.2476151e-001
2005-12-01,3.2793200e-001
2005-12-02,3.2595756e-001
2005-12-03,3.2242227e-001
2005-12-04,3.1804547e-001
2005-12-05,3.1696760e-001
2005-12-06,3.1140044e-001
2005-12-07,3.0583048e-001
2005-12-08,3.0125937e-001
2005-12-09,2.9562403e-001
2005-12-10,2.8666816e-001
2005-12-11,2.7798279e-001
2005-12-12,2.7090968e-001
2005-12-13,2.6420411e-001
2005-12-14,2.5666722e-001
2005-12-15,2.4991744e-001
2005-12-16,2.4095139e-001
2005-12-17,2.3073471e-001
2005-12-18,2.2091064e-001
2005-12-19,2.0833883e-001
2005-12-20,2.0049265e-001
2005-12-21,1.8826399e-001
2005-12-22,1.7833825e-001
2005-12-23,1.7260291e-001
2005-12-24,1.6807668e-001
2005-12-25,1.6931193e-001
2005-12-26,1.7484273e-001
2005-12-27,1.8824297e-001
2005-12-28,2.0740244e-001
2005-12-29,2.2961707e-001
2005-12-30,2.5673292e-001
2005-12-31,2.8674430e-001
2006-01-01,3.2602801e-001
2006-01-02,3.5948264e-001
2006-01-03,3.9645093e-001
2006-01-04,4.2991579e-001
2006-01-05,4.5770041e-001
2006-01-06,4.8141222e-001
2006-01-07,4.9681368e-001
2006-01-08,5.1479749e-001
2006-01-09,5.2822483e-001
2006-01-10,5.3159503e-001
2006-01-11,5.3600080e-001
2006-01-12,5.3367462e-001
2006-01-13,5.3714965e-001
2006-01-14,5.3602694e-001
2006-01-15,5.3472631e-001
2006-01-16,5.3352746e-001
2006-01-17,5.3819552e-001
2006-01-18,5.3831107e-001
2006-01-19,5.4830784e-001
2006-01-20,5.5949215e-001
2006-01-21,5.6939744e-001
2006-01-22,5.8155732e-001
2006-01-23,5.9178767e-001
2006-01-24,5.9521497e-001
2006-01-25,5.9734741e-001
2006-01-26,5.9613030e-001
2006-01-27,5.8078914e-001
2006-01-28,5.7059288e-001
2006-01-29,5.4594245e-001
2006-01-30,5.1907933e-001
2006-01-31,4.9787332e-001
2006-02-01,4.6545739e-001
2006-02-02,4.4434961e-001
2006-02-03,4.1278079e-001
2006-02-04,3.8617918e-001
2006-02-05,3.5513709e-001
2006-02-06,3.2913831e-001
2006-02-07,3.0900282e-001
2006-02-08,2.7865664e-001
2006-02-09,2.5751192e-001
2006-02-10,2.3185689e-001
2006-02-11,2.0825474e-001
2006-02-12,1.9377888e-001
2006-02-13,1.7919280e-001
2006-02-14,1.6485390e-001
2006-02-15,1.5588213e-001
2006-02-16,1.5120420e-001
2006-02-17,1.4572534e-001
2006-02-18,1.4126996e-001
2006-02-19,1.3892045e-001
2006-02-20,1.3583403e-001
2006-02-21,1.3233567e-001
2006-02-22,1.2331958e-001
2006-02-23,1.2330651e-001
2006-02-24,1.1999452e-001
2006-02-25,1.1648024e-001
2006-02-26,1.1088696e-001
2006-02-27,1.0546356e-001
2006-02-28,9.9788451e-002
2006-03-01,8.9629742e-002
2006-03-02,8.8289363e-002
2006-03-03,8.6396150e-002
2006-03-04,7.9680104e-002
2006-03-05,7.7353923e-002
2006-03-06,7.5069787e-002
2006-03-07,7.2858964e-002
2006-03-08,6.6363370e-002
2006-03-09,6.3858782e-002
2006-03-10,5.9138239e-002
2006-03-11,5.8214919e-002
2006-03-12,5.7234230e-002
2006-03-13,5.3746663e-002
2006-03-14,5.0447731e-002
2006-03-15,4.5048911e-002
2006-03-16,4.0210045e-002
2006-03-17,3.7996363e-002
2006-03-18,3.4740683e-002
2006-03-19,3.0241657e-002
2006-03-20,2.5642144e-002
2006-03-21,2.0051130e-002
2006-03-22,1.6505601e-002
2006-03-23,1.2231093e-002
2006-03-24,7.8253283e-003
2006-03-25,5.4832295e-003
2006-03-26,5.5673284e-003
2006-03-27,1.2325854e-003
2006-03-28,1.1956540e-003
2006-03-29,0.0000000e+000
2006-03-30,7.8663257e-003
2006-03-31,9.9338892e-003
2006-04-01,1.4664659e-002
2006-04-02,1.3437365e-002
2006-04-03,1.5755591e-002
2006-04-04,2.3698923e-002
2006-04-05,2.8067756e-002
2006-04-06,3.3554226e-002
2006-04-07,3.2507611e-002
2006-04-08,3.7152019e-002
2006-04-09,3.8164543e-002
2006-04-10,4.9374980e-002
2006-04-11,5.1751160e-002
2006-04-12,5.1693207e-002
2006-04-13,5.7300138e-002
2006-04-14,5.9319487e-002
2006-04-15,6.0415533e-002
2006-04-16,5.9274601e-002
2006-04-17,5.9345623e-002
2006-04-18,5.9358691e-002
2006-04-19,5.7260934e-002
2006-04-20,5.4908617e-002
2006-04-21,4.7038572e-002
2006-04-22,5.2702890e-002
2006-04-23,4.3945266e-002
2006-04-24,4.5876618e-002
2006-04-25,4.3723730e-002
2006-04-26,4.4895912e-002
2006-04-27,4.3847042e-002
2006-04-28,4.7103912e-002
2006-04-29,4.9251686e-002
2006-04-30,5.3544943e-002
2006-05-01,5.2566528e-002
2006-05-02,5.3806890e-002
2006-05-03,5.0492048e-002
2006-05-04,5.6096139e-002
2006-05-05,3.1193955e-002
2006-05-06,6.0365533e-002
2006-05-07,6.3903668e-002
2006-05-08,6.8358873e-002
2006-05-09,7.3029416e-002
2006-05-10,8.1759697e-002
2006-05-11,8.8391635e-002
2006-05-12,9.9880496e-002
2006-05-13,1.1078469e-001
2006-05-14,1.2320935e-001
2006-05-15,1.3683576e-001
2006-05-16,1.5573554e-001
2006-05-17,1.6691246e-001
2006-05-18,1.7466944e-001
2006-05-19,1.7830416e-001
2006-05-20,1.7154891e-001
2006-05-21,1.5341732e-001
2006-05-22,1.4795472e-001
2006-05-23,1.2301049e-001
2006-05-24,1.0084018e-001
2006-05-25,8.2682431e-002
2006-05-26,6.4813352e-002
2006-05-27,4.7869848e-002
2006-05-28,3.6608825e-002
2006-05-29,2.4073927e-002
2006-05-30,1.6151619e-002
2006-05-31,1.1630514e-002
2006-06-01,7.4292923e-003
2006-06-02,1.1766876e-002
2006-06-03,1.1843722e-002
2006-06-04,1.1877111e-002
2006-06-05,1.8501095e-002
2006-06-06,2.8748519e-002
2006-06-07,3.4353666e-002
2006-06-08,4.7791440e-002
2006-06-09,6.0137695e-002
2006-06-10,6.5669610e-002
2006-06-11,7.4861267e-002
2006-06-12,8.3143808e-002
2006-06-13,9.0270076e-002
2006-06-14,9.7057144e-002
2006-06-15,1.0088222e-001
2006-06-16,1.0458058e-001
2006-06-17,1.0808479e-001
2006-06-18,1.1103177e-001
2006-06-19,1.1406430e-001
2006-06-20,1.1474840e-001
2006-06-21,1.1229323e-001
2006-06-22,1.1092105e-001
2006-06-23,1.0678177e-001
2006-06-24,9.7958305e-002
2006-06-25,9.2778659e-002
2006-06-26,9.3204222e-002
2006-06-27,1.0357433e-001
2006-06-28,1.2283547e-001
2006-06-29,1.4713310e-001
2006-06-30,1.7203926e-001
2006-07-01,1.9526359e-001
2006-07-02,2.2040212e-001
2006-07-03,2.4181104e-001
2006-07-04,2.6339900e-001
2006-07-05,2.8027598e-001
2006-07-06,2.9036539e-001
2006-07-07,2.9540812e-001
2006-07-08,2.9525358e-001
2006-07-09,2.8758466e-001
2006-07-10,2.7710147e-001
2006-07-11,2.6752349e-001
2006-07-12,2.5670962e-001
2006-07-13,2.4380029e-001
2006-07-14,2.2888125e-001
2006-07-15,2.1262355e-001
2006-07-16,2.0076424e-001
2006-07-17,1.8897595e-001
2006-07-18,1.7899167e-001
2006-07-19,1.6974206e-001
2006-07-20,1.5902309e-001
2006-07-21,1.4992179e-001
